level,size,size_bytes,access_time_ns,cycle_time_ns,access_cycles_unrounded,access_cycles,cycle_cycles_unrounded,cycle_cycles,area_mm2,width_mm,height_mm,associativity,bank_count,output_width_bits,technology_nm,temperature_k,config_sha256,raw_output_sha256,cacti_record_id,characterization_id,cacti_git_revision,cacti_executable_sha256,base_config_sha256
l1d,16kB,16384,0.42438,0.812286,0.84876,1,1.624572,2,0.129603964959,0.646891,0.200349,2,1,512,45,320,34437ff5cf05416ada014afefa5d13340a4d08efdf1fd7d288b11486401492f5,77580cdaf2b590412697fa3d292e6f46400290521b801fc6335df812c4ed52c2,830e156438333079d0f76145240562550196f355f36b2ed8d549a3e58ec1ede9,4f2864725230443fecace0d4cfcfb02341146cdf4481cba6013ff5ea76b8b918,,e81dc957745ed73ebfd37e394aef6233b253b02cfa1a927dd57df09be47f1a46,e1f7663eeb41571f8687bf7f9bbff652e7929875b59e8b95246fc646e9e07818
l1d,32kB,32768,0.451611,0.848512,0.903222,1,1.697024,2,0.18358853287500002,0.645019,0.284625,2,1,512,45,320,d82f6d0b283271f45e35279a82110c55558c73cae6d6a71d2a1b00ef67720155,1fa42a05ffcfd3465b8467899cc8a0d8a333de13e443c62e0afd35cd3662f0a3,46760ecfd832cfd2a49610483daa33ccb51fc1d7df8cf1d5f54aa250cad58a35,4f2864725230443fecace0d4cfcfb02341146cdf4481cba6013ff5ea76b8b918,,e81dc957745ed73ebfd37e394aef6233b253b02cfa1a927dd57df09be47f1a46,e1f7663eeb41571f8687bf7f9bbff652e7929875b59e8b95246fc646e9e07818
l1d,64kB,65536,0.535344,0.91519,1.070688,2,1.83038,2,0.29090108349,0.64217,0.452997,2,1,512,45,320,327d976fcaf3807de73bd75dc5b08c89595e717fb7e8d88181771be13ac9e704,8cfc7c84c048c34490b319caedbc76984fcedf449b16531bf81490d7080c8344,8668a0bb652156e71c4d6ad73e5ccba09557d7793b9cab6fef979595c1a3f2e2,4f2864725230443fecace0d4cfcfb02341146cdf4481cba6013ff5ea76b8b918,,e81dc957745ed73ebfd37e394aef6233b253b02cfa1a927dd57df09be47f1a46,e1f7663eeb41571f8687bf7f9bbff652e7929875b59e8b95246fc646e9e07818
l1d,128kB,131072,0.732799,1.05457,1.465598,2,2.10914,3,0.56211216273,0.71193,0.789561,2,1,512,45,320,f2e0b808fce8fec3121db6a1af6cd127cdad5387bcc1b6d930eab35fda63d74a,d71ce7f063bd20214ab23c251ca6d4a8ba5cb7e1dadb65c78e42d54a738e684d,78338e3b4abcd7822769dd3dbceea6e35ead7407bf7cdef5c148fcf07df3e7cc,4f2864725230443fecace0d4cfcfb02341146cdf4481cba6013ff5ea76b8b918,,e81dc957745ed73ebfd37e394aef6233b253b02cfa1a927dd57df09be47f1a46,e1f7663eeb41571f8687bf7f9bbff652e7929875b59e8b95246fc646e9e07818
l2,128kB,131072,1.38384,2.40013,2.76768,3,4.80026,5,1.17626267655,2.37133,0.496035,8,1,512,45,320,ee6ab46844be1f2f48cc76d53824ec0a8778cf15b5d84bf2ecec10019191d546,eac8955a73036c160eb59df9452cbb1b01bf402434e079711604a03ff85f8173,fa1e37c27ff0900a79fd076e53bda9498cb504c31f91549f19327f2acd360e5c,4f2864725230443fecace0d4cfcfb02341146cdf4481cba6013ff5ea76b8b918,,e81dc957745ed73ebfd37e394aef6233b253b02cfa1a927dd57df09be47f1a46,e1f7663eeb41571f8687bf7f9bbff652e7929875b59e8b95246fc646e9e07818
l2,256kB,262144,1.49817,2.49739,2.99634,3,4.99478,5,1.57284482355,2.36665,0.664587,8,1,512,45,320,0c934abbc0bc5133bea3a26bf5e3142ca03ed6cbfadb60b54a918f0b10a6e9c8,92956a62556bb4d5ec2a8c8fbd6f132dddfd6c3b6ce1014b0a092e039614a978,4e4aa231be9bc79a2f894e219a752cba0c22be89ec8970187a72e96f6c533220,4f2864725230443fecace0d4cfcfb02341146cdf4481cba6013ff5ea76b8b918,,e81dc957745ed73ebfd37e394aef6233b253b02cfa1a927dd57df09be47f1a46,e1f7663eeb41571f8687bf7f9bbff652e7929875b59e8b95246fc646e9e07818
l2,512kB,524288,1.71112,2.65227,3.42224,4,5.30454,6,2.5020633242000003,2.49874,1.00133,8,1,512,45,320,c4b77c728401608aa60740c451eea5154fcdf45389059f08c352f124b4f358ea,8ac50f623ad83c1e7005134ee64005fa4ca4ba6634e4349f3aaf23b9339df2e4,8343097ddf754273979c0b16814cbef2e86f46840dbe57e3641afb5f6b1cd5ec,4f2864725230443fecace0d4cfcfb02341146cdf4481cba6013ff5ea76b8b918,,e81dc957745ed73ebfd37e394aef6233b253b02cfa1a927dd57df09be47f1a46,e1f7663eeb41571f8687bf7f9bbff652e7929875b59e8b95246fc646e9e07818
l2,1024kB,1048576,2.09298,2.65227,4.18596,5,5.30454,6,4.8365907340000005,2.6989,1.79206,8,1,512,45,320,fa4225d24b128e008c3885903df168d122e152f8e48e1ba9ec15152a7d0079ca,4b580b542d9161714293c661c666162197a07634bdc6c1ac1f66552777f38501,8a13b247dd5079271f9a8a29a841da0413865012734b9bfcdb866960d46d4b7e,4f2864725230443fecace0d4cfcfb02341146cdf4481cba6013ff5ea76b8b918,,e81dc957745ed73ebfd37e394aef6233b253b02cfa1a927dd57df09be47f1a46,e1f7663eeb41571f8687bf7f9bbff652e7929875b59e8b95246fc646e9e07818
l2,2048kB,2097152,2.72196,2.94607,5.44392,6,5.89214,6,9.266142884999999,2.95275,3.13814,8,1,512,45,320,fb78991db94d0025ad2b5a42cb13802a683e5631ac09554482387c15d74517ff,772f3189e93a5129ce43436b435cf239bcc1290fe9fca25d7f76a692d25d81f8,f0de24d8eb3782f7a02b98eeea12a9e60ffd349b0405b9f6092280a06ec033dd,4f2864725230443fecace0d4cfcfb02341146cdf4481cba6013ff5ea76b8b918,,e81dc957745ed73ebfd37e394aef6233b253b02cfa1a927dd57df09be47f1a46,e1f7663eeb41571f8687bf7f9bbff652e7929875b59e8b95246fc646e9e07818
